feature,mean_absolute_shap,xgboost_importance
ICULOS,0.4880857,0.096809074
Lactate_hours_since_last,0.17882435,0.033142373
Temp_last,0.17696509,0.015153042
HospAdmTime,0.15591851,0.00979826
Unit1,0.14862864,0.015227718
MAP_mean_24h,0.08187949,0.009436206
HR_trend_6h,0.069874674,0.0090563325
Resp_mean_24h,0.061329577,0.013209767
FiO2,0.05736885,0.021688536
O2Sat_std_6h,0.054216426,0.007830815
WBC_last,0.051168,0.008084322
Resp_std_6h,0.047624793,0.0065251677
WBC_delta_6h,0.046335626,0.0078105214
HR_max_6h,0.04207014,0.010402158
SBP_hours_since_last,0.035418086,0.012291885
Age,0.035370063,0.0063491906
Resp_min_6h,0.034823,0.013049614
EtCO2_last,0.03401641,0.009671726
Resp_mean_3h,0.03182264,0.016749937
MAP_min_6h,0.030827656,0.008559868
Resp_max_6h,0.03028354,0.010283473
Resp_mean_12h,0.029049966,0.009964484
O2Sat_mean_6h,0.028279586,0.006415875
DBP,0.027305456,0.009859615
WBC_previous,0.02651748,0.0066482252
SBP_last,0.026291871,0.010462722
O2Sat_max_6h,0.024080385,0.005960625
MAP_std_6h,0.023503378,0.0075349826
HR_std_6h,0.023353547,0.0065754703
HR_min_6h,0.022101736,0.0072569135
MAP_mean_3h,0.020117166,0.00725712
Lactate_mean_12h,0.019664612,0.012240976
O2Sat_mean_24h,0.018630877,0.0063968212
Temp,0.01846562,0.0062439367
SaO2,0.018293638,0.0077886423
MAP_mean_12h,0.017670918,0.0073726396
Resp_count_6h,0.017635657,0.0059697162
O2Sat,0.017014055,0.0057886406
Resp_last,0.016692655,0.008283118
HR_mean_6h,0.016516076,0.0068449937
O2Sat_delta_6h,0.015886605,0.0056177406
HR_last,0.0148684345,0.009575998
WBC_mean_24h,0.014775702,0.006845236
WBC_mean_12h,0.014766942,0.0061710672
HR_delta_6h,0.014339681,0.0063593034
MAP_count_6h,0.014032214,0.009802407
HCO3,0.013698619,0.0049417256
Resp_trend_6h,0.013365309,0.0060848286
O2Sat_trend_6h,0.012681262,0.0044317306
pH,0.012406315,0.008881527
WBC_mean_3h,0.01199464,0.004258739
Glucose,0.011301941,0.0059197345
Lactate_trend_6h,0.010988701,0.014051806
O2Sat_mean_12h,0.010175116,0.0075178514
Resp_mean_6h,0.010172215,0.012608879
HR_mean_24h,0.0100762,0.007291066
MAP_trend_6h,0.009965624,0.0049776323
DBP_hours_since_last,0.009458481,0.009467275
Hgb,0.009442347,0.0059499457
Unit2,0.009432422,0.02057958
MAP_max_6h,0.009136604,0.006302509
HR_mean_12h,0.009077623,0.006601115
HR,0.009075934,0.011247556
O2Sat_min_6h,0.008346743,0.006297778
Resp_delta_6h,0.008194206,0.006521969
SBP,0.0077509778,0.0055523682
MAP,0.0074488553,0.012224081
EtCO2,0.0071013398,0.00994989
Lactate_mean_24h,0.0068636285,0.008363938
HR_mean_3h,0.0062520984,0.005690605
Gender,0.0057940967,0.005768115
Bilirubin_total,0.0057883607,0.0061699906
Resp,0.005591917,0.0060339104
O2Sat_count_6h,0.0055610794,0.008558421
WBC_hours_since_last,0.0055217566,0.0061118593
BUN,0.005487172,0.0047320663
WBC_min_6h,0.005452031,0.008291597
DBP_last,0.0050166207,0.007666924
HR_hours_since_last,0.0047047795,0.004391816
EtCO2_hours_since_last,0.0046476433,0.023745554
Lactate_delta_6h,0.0045834677,0.008058354
Lactate_mean_3h,0.0045584533,0.0059641167
MAP_last,0.004425961,0.009435311
WBC_max_6h,0.0042856964,0.0064732647
WBC_mean_6h,0.0042002955,0.0056345672
MAP_delta_6h,0.0039686547,0.004340954
Lactate_max_6h,0.0034890152,0.0070926347
Chloride,0.0033683353,0.0059417486
Lactate_previous,0.0033540518,0.0062237945
Lactate_last,0.0033017267,0.0073873014
HR_count_6h,0.0029646473,0.006095139
O2Sat_last,0.0027646876,0.006304438
AST,0.002457076,0.00660337
Lactate_min_6h,0.0023177194,0.005184328
PaCO2,0.0021784059,0.0053574205
Hct,0.002068842,0.0045577968
WBC_std_6h,0.001974428,0.003992635
Temp_hours_since_last,0.0019618792,0.0036499302
MAP_mean_6h,0.0017791939,0.006174469
Alkalinephos,0.0015176195,0.0047882255
Resp_hours_since_last,0.0015074912,0.0102519365
Potassium,0.0014637265,0.00413514
BaseExcess,0.0013718971,0.0050588716
Creatinine,0.0013186323,0.007593595
WBC,0.0010778465,0.0049086455
Lactate_std_6h,0.00092493475,0.00615252
pH_missing,0.0008341232,0.011484205
Lactate_count_6h,0.00073449634,0.0052855886
Lactate_mean_6h,0.00072410103,0.0043707355
O2Sat_mean_3h,0.00065304834,0.0034440141
Bilirubin_total_missing,0.00062050816,0.0034060269
MAP_hours_since_last,0.00043957095,0.0037751447
Phosphate,0.00030489574,0.0030372164
Calcium,0.00017539086,0.00028495747
DBP_missing,0.0,0.0
Resp_missing,0.0,0.0
SBP_missing,0.0,0.0
Temp_missing,0.0,0.0
O2Sat_missing,0.0,0.0
MAP_missing,0.0,0.0
Platelets,0.0,0.0
Fibrinogen,0.0,0.0
TroponinI,0.0,0.0
Bilirubin_direct,0.0,0.0
Magnesium,0.0,0.0
Lactate,0.0,0.0
PTT,0.0,0.0
HR_missing,0.0,0.0
EtCO2_missing,0.0,0.0
O2Sat_hours_since_last,0.0,0.0
Resp_out_of_range,0.0,0.0
EtCO2_out_of_range,0.0,0.0
SaO2_out_of_range,0.0,0.0
Hct_out_of_range,0.0,0.0
FiO2_out_of_range,0.0,0.0
pH_out_of_range,0.0,0.0
Hgb_out_of_range,0.0,0.0
Gender_out_of_range,0.0,0.0
WBC_out_of_range,0.0,0.0
Age_out_of_range,0.0,0.0
Unit1_out_of_range,0.0,0.0
Lactate_out_of_range,0.0,0.0
MAP_out_of_range,0.0,0.0
DBP_out_of_range,0.0,0.0
FiO2_missing,0.0,0.0
Lactate_missing,0.0,0.0
Glucose_missing,0.0,0.0
Bilirubin_direct_missing,0.0,0.0
Creatinine_missing,0.0,0.0
Chloride_missing,0.0,0.0
Calcium_missing,0.0,0.0
Alkalinephos_missing,0.0,0.0
BaseExcess_missing,0.0,0.0
AST_missing,0.0,0.0
SaO2_missing,0.0,0.0
PaCO2_missing,0.0,0.0
HCO3_missing,0.0,0.0
Unit2_out_of_range,0.0,0.0
ICULOS_out_of_range,0.0,0.0
BUN_missing,0.0,0.0
Magnesium_missing,0.0,0.0
Phosphate_missing,0.0,0.0
Potassium_missing,0.0,0.0
TroponinI_missing,0.0,0.0
Hct_missing,0.0,0.0
Hgb_missing,0.0,0.0
PTT_missing,0.0,0.0
WBC_missing,0.0,0.0
Fibrinogen_missing,0.0,0.0
Platelets_missing,0.0,0.0
HR_out_of_range,0.0,0.0
O2Sat_out_of_range,0.0,0.0
Temp_out_of_range,0.0,0.0
SBP_out_of_range,0.0,0.0
WBC_count_6h,0.0,0.0
WBC_trend_6h,0.0,0.0
